{
  "project_info": {
    "project_number": "139924809136",
    "project_id": "drtrash-8eec4",
    "storage_bucket": "drtrash-8eec4.appspot.com"
  },
  "client": [
    {
      "client_info": {
        "mobilesdk_app_id": "1:139924809136:android:3b5911701c2f07e2062275",
        "android_client_info": {
          "package_name": "com.example.drtrash"
        }
      },
      "oauth_client": [
        {
          "client_id": "139924809136-a2a5h7crnmsa3goioknv4rv5h6mo26q2.apps.googleusercontent.com",
          "client_type": 3
        }
      ],
      "api_key": [
        {
          "current_key": "AIzaSyBY3C-s79AiE_C3Q6Bhiei5i_G7cV9MVe0"
        }
      ],
      "services": {
        "appinvite_service": {
          "other_platform_oauth_client": [
            {
              "client_id": "139924809136-a2a5h7crnmsa3goioknv4rv5h6mo26q2.apps.googleusercontent.com",
              "client_type": 3
            }
          ]
        }
      }
    }
  ],
  "configuration_version": "1"
}